id,name,width_m,depth_m,floors,ground_function,style,size_class,footprint_m2
casa_trastevere,Casa Trastevere,8.5,8.0,3,RESIDENZIALE,plaster_cream,small,68.0
casa_vicolo,Casa del Vicolo,7.5,9.5,3,RESIDENZIALE,plaster_terracotta,small,71.25
casa_mercante,Casa Mercante,11.0,9.0,4,BOTTEGA / RESIDENZA,brick,small,99.0
palazzetto,Palazzetto Romano,14.0,11.0,4,RESIDENZIALE,travertine,medium,154.0
palazzo_nobile,Palazzo Nobile,20.0,14.0,5,RESIDENZA / UFFICI,travertine,large,280.0
palazzo_angolo,Palazzo d'Angolo,18.0,16.0,5,NEGOZI / RESIDENZA,plaster_cream,large,288.0
palazzo_portico,Palazzo con Portico,24.0,13.0,4,BAR / NEGOZI / RESIDENZA,travertine,large,312.0
palazzo_lungo,Palazzo a Balconata,28.0,12.0,5,RESIDENZA,plaster_pale,large,336.0
palazzo_cortile,Palazzo a Corte,22.0,20.0,4,RESIDENZA / CORTILE,brick,large,440.0
villa_urbana,Villa Urbana,17.0,15.0,3,VILLA / CORTILE,plaster_cream,medium,255.0
villa_angolo,Villa d'Angolo,19.0,17.0,3,VILLA / RESIDENZA,travertine,large,323.0
casa_cortile,Casa a Corte,16.0,18.0,3,RESIDENZA / CORTILE,brick,medium,288.0
edificio_commerciale,Edificio Commerciale,15.0,10.0,4,NEGOZI / UFFICI,plaster_pale,medium,150.0
bar_roma,Bar / Caffetteria,10.0,9.0,3,BAR,plaster_cream,small,90.0
ristorante,Ristorante / Pizzeria,13.0,11.0,3,RISTORANTE,brick,medium,143.0
trattoria,Trattoria Romana,12.0,10.0,3,RISTORANTE,plaster_terracotta,medium,120.0
pasticceria,Pasticceria / Forno,9.0,8.5,3,PASTICCERIA,plaster_pale,small,76.5
gelateria,Gelateria,8.5,8.0,3,GELATERIA,plaster_cream,small,68.0
alimentari,Alimentari / Minimarket,11.0,9.0,3,ALIMENTARI,plaster_terracotta,small,99.0
farmacia,Farmacia,10.0,9.0,4,FARMACIA,travertine,small,90.0
bottega,Bottega Artigiana,9.5,8.5,3,BOTTEGA,brick,small,80.75
libreria,Libreria,12.0,9.0,3,LIBRERIA,plaster_cream,medium,108.0
piccolo_hotel,Piccolo Hotel / B&B,18.0,12.0,4,HOTEL / B&B,pietra,large,216.0
palazzo_hotel,Palazzo Hotel,24.0,15.0,5,HOTEL,travertine,large,360.0
